{
    "manifestVersion": 5,
    "id": "DW5.DTCompatibility",
    "name": "DWFiv3's Dual Track Compatibility Mod",
    "version": "1.0.2",
    "updateUrl": "https://raw.githubusercontent.com/DWFiv3/Dual-Track-Compatibility/main/Update/update.json",
    "requires": [
        {
            "id": "Zamu.StrangeCustoms",
            "notBefore": "1.7.24194.2259"
        },
        {
            "id": "AlinaNova21.AlinasMapMod",
            "notBefore": "1.4.24193.2211"
        },
        {
            "id": "DW5.DualTracksMod",
            "notBefore": "202408.10.1505"
        },
        {
            "id": "JSALAAMI.GOLDMINE",
            "notBefore": "1.0"
        },
        {
            "id": "Barkerstown",
            "notBefore": "1.0"
        }

    ],
    "mixintos": {
        "game-graph": [
            "file(DW5Birdtown.json)",
            "file(DW5BarkersTown.json)"            
        ]
    }
}


